{"epoch/loss": 0.6737676858901978, "epoch/mean_iou": 0.2104913592338562, "epoch/weighted_iou": 0.2202630639076233, "epoch/f1": 0.3301900029182434, "epoch/precision": 0.34711310267448425, "epoch/recall": 0.348673939704895, "epoch/melt_pond_iou": 0.0889873132109642, "epoch/sea_ice_iou": 0.37892740964889526, "epoch/ocean_iou": 0.16355520486831665, "epoch/mean_iou_rounded": 0.1481974869966507, "epoch/val_loss": 1.767629623413086, "epoch/val_mean_iou": 0.05216461047530174, "epoch/val_weighted_iou": 0.11458522826433182, "epoch/val_f1": 0.09438913315534592, "epoch/val_precision": 0.36793577671051025, "epoch/val_recall": 0.3353475332260132, "epoch/val_melt_pond_iou": 0.11443611234426498, "epoch/val_sea_ice_iou": 0.013440553098917007, "epoch/val_ocean_iou": 0.028626907616853714, "epoch/val_mean_iou_rounded": 0.04193757846951485, "epoch/epoch": 0, "epoch/learning_rate": 0.0010000000474974513, "_timestamp": 1697914566.8775225, "_runtime": 146.82144141197205, "_step": 0}