epoch,f1,loss,mean_iou,mean_iou_rounded,melt_pond_iou,ocean_iou,precision,recall,sea_ice_iou,val_f1,val_loss,val_mean_iou,val_mean_iou_rounded,val_melt_pond_iou,val_ocean_iou,val_precision,val_recall,val_sea_ice_iou,val_weighted_iou,weighted_iou
0,0.34542012214660645,0.33183255791664124,0.21946699917316437,0.20485563576221466,0.0992286428809166,0.20473556220531464,0.36083319783210754,0.36975738406181335,0.35443469882011414,0.2916422486305237,1.148951530456543,0.23451422154903412,0.23309049010276794,0.004710350651293993,0.0375727042555809,0.35552138090133667,0.3421685993671417,0.6614159345626831,0.23451422154903412,0.21946699917316437
1,0.41461896896362305,0.255832314491272,0.2831932604312897,0.353316992521286,0.11082708835601807,0.245261088013649,0.41727375984191895,0.4259738028049469,0.4934881031513214,0.2793375849723816,1.7551281452178955,0.22919806838035583,0.2284928560256958,0.0007176133221946657,0.019425898790359497,0.35763412714004517,0.33722564578056335,0.6674520373344421,0.22919806838035583,0.2831932604312897
2,0.4774428904056549,0.22320853173732758,0.33977606892585754,0.4460512399673462,0.15131321549415588,0.30012041330337524,0.48261404037475586,0.48588821291923523,0.5679003000259399,0.2799795866012573,1.7076284885406494,0.23001377284526825,0.22750389575958252,0.0004755514964926988,0.019483335316181183,0.3820837736129761,0.33781149983406067,0.6700836420059204,0.23001377284526825,0.33977606892585754
