epoch,f1,loss,mean_iou,mean_iou_rounded,melt_pond_iou,ocean_iou,precision,recall,sea_ice_iou,val_f1,val_loss,val_mean_iou,val_mean_iou_rounded,val_melt_pond_iou,val_ocean_iou,val_precision,val_recall,val_sea_ice_iou,val_weighted_iou,weighted_iou
0,0.5869542360305786,0.22289209067821503,0.45260119438171387,0.5337828993797302,0.2759073078632355,0.3979656994342804,0.5940930247306824,0.6044424772262573,0.6839876174926758,0.07017219066619873,4.810346603393555,0.038490332663059235,0.03848280385136604,0.0973764955997467,0.009190691635012627,0.3131287693977356,0.33405932784080505,0.008903833106160164,0.038490332663059235,0.45260119438171387
1,0.5752975344657898,0.2091856449842453,0.43867745995521545,0.5236597061157227,0.24996317923069,0.3850477933883667,0.5856284499168396,0.5903639197349548,0.6815225481987,0.07179339230060577,4.797706604003906,0.03934837132692337,0.03934810683131218,0.09743482619524002,0.0050491830334067345,0.3239598274230957,0.3334556221961975,0.01556110754609108,0.03934837132692337,0.43867745995521545
2,0.5853118896484375,0.1959683746099472,0.4438200294971466,0.5452707409858704,0.28306636214256287,0.38384830951690674,0.5892252922058105,0.6068790555000305,0.6646352410316467,0.2791844606399536,1.8901516199111938,0.22591426968574524,0.22591426968574524,0.018788497895002365,0.007448236458003521,0.3484654426574707,0.33276182413101196,0.6515060663223267,0.22591426968574524,0.4438200294971466
