epoch,f1,loss,mean_iou,mean_iou_rounded,melt_pond_iou,ocean_iou,precision,recall,sea_ice_iou,val_f1,val_loss,val_mean_iou,val_mean_iou_rounded,val_melt_pond_iou,val_ocean_iou,val_precision,val_recall,val_sea_ice_iou,val_weighted_iou,weighted_iou
0,0.5850308537483215,0.21032214164733887,0.4476732313632965,0.551731288433075,0.28228116035461426,0.38348233699798584,0.5870420932769775,0.606779158115387,0.6773136258125305,0.25694912672042847,2.183032512664795,0.2031913846731186,0.2031913846731186,0.006902921479195356,0.00871901586651802,0.34100016951560974,0.3337029218673706,0.5939522385597229,0.2031913846731186,0.4476732313632965
1,0.6113412976264954,0.17871098220348358,0.47438427805900574,0.585334837436676,0.29023149609565735,0.43216633796691895,0.6128636598587036,0.6263590455055237,0.7008109092712402,0.10117283463478088,4.475402355194092,0.05915060266852379,0.05915060266852379,0.16112020611763,0.004500421229749918,0.3081536591053009,0.33197271823883057,0.011831160634756088,0.05915060266852379,0.47438427805900574
2,0.6193462014198303,0.16298270225524902,0.47917208075523376,0.6055896878242493,0.30175456404685974,0.4416663944721222,0.6199485659599304,0.6351475715637207,0.6942260265350342,0.10860001295804977,4.456514358520508,0.06281720101833344,0.06281720101833344,0.1594446450471878,0.007332777604460716,0.3160519003868103,0.3307095766067505,0.021674180403351784,0.06281720101833344,0.47917208075523376
