epoch,f1,loss,mean_iou,mean_iou_rounded,melt_pond_iou,ocean_iou,precision,recall,sea_ice_iou,val_f1,val_loss,val_mean_iou,val_mean_iou_rounded,val_melt_pond_iou,val_ocean_iou,val_precision,val_recall,val_sea_ice_iou,val_weighted_iou,weighted_iou
0,0.5434096455574036,0.18599486351013184,0.3993408679962158,0.5242814421653748,0.22348763048648834,0.3192964792251587,0.5508193969726562,0.5682726502418518,0.6552926301956177,0.06629203259944916,3.819031238555908,0.0358576700091362,0.033874254673719406,0.08600175380706787,0.005658057983964682,0.3280899226665497,0.3358650505542755,0.015924755483865738,0.0358576700091362,0.3993408679962158
1,0.6160696148872375,0.14611385762691498,0.4709809720516205,0.6105069518089294,0.2850040793418884,0.407661110162735,0.6196776032447815,0.6443271636962891,0.7203941345214844,0.06335518509149551,4.865791320800781,0.03432875871658325,0.034357547760009766,0.08578649908304214,0.006229556165635586,0.32158440351486206,0.3351077735424042,0.010970155708491802,0.03432875871658325,0.4709809720516205
2,0.6615474820137024,0.12863053381443024,0.5195424556732178,0.6412460207939148,0.3324662744998932,0.4632019102573395,0.664054274559021,0.6900264620780945,0.7630050778388977,0.0648932084441185,4.86440372467041,0.035113390535116196,0.03511008247733116,0.0858970656991005,0.007514664903283119,0.32667478919029236,0.3358587920665741,0.011928470805287361,0.035113390535116196,0.5195424556732178
